{
  "model": "GraphSAGE",
  "alphas": {
    "0.8": {
      "coverage": 0.7936507936507936,
      "mean_set_size": 0.9722222222222222,
      "empty_frac": 0.027777777777777776,
      "both_frac": 0.0
    },
    "0.85": {
      "coverage": 0.8511904761904762,
      "mean_set_size": 1.0734126984126984,
      "empty_frac": 0.0,
      "both_frac": 0.07341269841269842
    },
    "0.9": {
      "coverage": 0.9047619047619048,
      "mean_set_size": 1.1964285714285714,
      "empty_frac": 0.0,
      "both_frac": 0.19642857142857142
    },
    "0.95": {
      "coverage": 0.9444444444444444,
      "mean_set_size": 1.3392857142857142,
      "empty_frac": 0.0,
      "both_frac": 0.3392857142857143
    }
  }
}