{
  "marginal": {
    "0.8": {
      "alpha": 0.8,
      "threshold": 0.28495134233186653,
      "coverage": 0.8015873015873016,
      "coverage_ci_low": 0.7638888888888888,
      "coverage_ci_high": 0.8353174603174603,
      "mean_set_size": 0.873015873015873,
      "median_set_size": 1.0,
      "empty_sets": 64,
      "singleton_sets": 440,
      "both_classes_sets": 0,
      "n_calibration": 1440,
      "n_test": 504
    },
    "0.85": {
      "alpha": 0.85,
      "threshold": 0.4585606817983917,
      "coverage": 0.8650793650793651,
      "coverage_ci_low": 0.8333333333333334,
      "coverage_ci_high": 0.890922619047619,
      "mean_set_size": 0.9781746031746031,
      "median_set_size": 1.0,
      "empty_sets": 11,
      "singleton_sets": 493,
      "both_classes_sets": 0,
      "n_calibration": 1440,
      "n_test": 504
    },
    "0.9": {
      "alpha": 0.9,
      "threshold": 0.664374714779357,
      "coverage": 0.9107142857142857,
      "coverage_ci_low": 0.8849206349206349,
      "coverage_ci_high": 0.9345238095238095,
      "mean_set_size": 1.0892857142857142,
      "median_set_size": 1.0,
      "empty_sets": 0,
      "singleton_sets": 459,
      "both_classes_sets": 45,
      "n_calibration": 1440,
      "n_test": 504
    },
    "0.95": {
      "alpha": 0.95,
      "threshold": 0.8365192987645665,
      "coverage": 0.9543650793650794,
      "coverage_ci_low": 0.9345238095238095,
      "coverage_ci_high": 0.9722222222222222,
      "mean_set_size": 1.2123015873015872,
      "median_set_size": 1.0,
      "empty_sets": 0,
      "singleton_sets": 397,
      "both_classes_sets": 107,
      "n_calibration": 1440,
      "n_test": 504
    }
  },
  "mondrian": {
    "0.9": {
      "alpha": 0.9,
      "overall_coverage": 0.9047619047619048,
      "mean_set_size": 1.0813492063492063,
      "group_thresholds": {
        "cardiovascular": 0.7383270118294694,
        "infectious": 0.8317762749890485,
        "metabolic": 0.8395211036140855,
        "neurological": 0.6918799859721486,
        "oncology": 0.7774977982044214,
        "other": 0.6415258035119414,
        "rare_disease": 0.16644140394629914
      },
      "group_results": {
        "cardiovascular": {
          "threshold": 0.7383270118294694,
          "coverage": 0.9523809523809523,
          "mean_set_size": 1.2142857142857142,
          "n_calibration": 82,
          "n_test": 42,
          "n_positive_test": 14
        },
        "infectious": {
          "threshold": 0.8317762749890485,
          "coverage": 1.0,
          "mean_set_size": 1.0909090909090908,
          "n_calibration": 84,
          "n_test": 22,
          "n_positive_test": 1
        },
        "metabolic": {
          "threshold": 0.8395211036140855,
          "coverage": 1.0,
          "mean_set_size": 1.0,
          "n_calibration": 37,
          "n_test": 8,
          "n_positive_test": 0
        },
        "neurological": {
          "threshold": 0.6918799859721486,
          "coverage": 0.9125,
          "mean_set_size": 1.1375,
          "n_calibration": 205,
          "n_test": 80,
          "n_positive_test": 15
        },
        "oncology": {
          "threshold": 0.7774977982044214,
          "coverage": 1.0,
          "mean_set_size": 1.15,
          "n_calibration": 72,
          "n_test": 20,
          "n_positive_test": 3
        },
        "other": {
          "threshold": 0.6415258035119414,
          "coverage": 0.8777777777777778,
          "mean_set_size": 1.0777777777777777,
          "n_calibration": 803,
          "n_test": 270,
          "n_positive_test": 49
        },
        "rare_disease": {
          "threshold": 0.16644140394629914,
          "coverage": 0.9032258064516129,
          "mean_set_size": 0.9193548387096774,
          "n_calibration": 157,
          "n_test": 62,
          "n_positive_test": 2
        }
      },
      "n_groups": 7
    }
  },
  "coverage_gap": {
    "marginal_overall": 0.9107142857142857,
    "mondrian_overall": 0.9047619047619048
  }
}